{"clusters":[{"centroid":[-1.1408094100000001,-1.4034251,-1.04017336],"members":["AAA","BBB"]},{"centroid":[0.40883812,0.5587471900000001,1.88757364],"members":["CCC"]},{"centroid":[0.62426024,0.74936767,0.0642577],"members":["DDD","EEE","FFF"]}]}
