{"clusters":[{"centroid":[-1.4034251,-1.1408094100000001,-1.04017336],"members":["AAA","BBB"]},{"centroid":[0.62118319,0.83641337,0.78736756],"members":["CCC","EEE","FFF"]},{"centroid":[0.94330062,-0.22762129,-0.28175595000000003],"members":["DDD"]}]}
