{"clusters":[{"centroid":[-1.4034251,-1.1408094100000001,-1.04017336],"members":["AAA","BBB"]},{"centroid":[0.58818347,1.03274327,1.1463143900000001],"members":["CCC","FFF"]},{"centroid":[0.81524163,0.10806615,-0.10614103],"members":["DDD","EEE"]}]}
