{"clusters":[{"centroid":[0.02107986,0.10951864,0.036684800000000004],"members":["AAA","BBB"]},{"centroid":[0.8518653700000001,0.80139972,0.75610382],"members":["CCC","FFF"]},{"centroid":[0.94658109,0.50705829,0.34400901],"members":["DDD","EEE"]}]}
